단어,점수
윤,630
특검,538
재난,529
나토,522
이재명,444
윤석열,442
체포영장,410
치료,390
협동조합,370
지급,364
nba 파이널,325
송미령,325
강선우,325
광주 대 대전,325
윤성빈,325
소득,316
사랑,312
평가,310
이란,304
시정,292
미국,292
감독,288
택시,288
청구,286
오전,278
비,276
강남,275
귀농,274
귀촌,274
지난해,265
교육감,264
티몬,260
지연,259
처,258
확보,256
대한,256
홍기,255
의원,248
후원,246
구속,243
회부,240
핵,236
대구,236
광명,234
법,230
공원,230
통보,229
세월,224
농업,222
배우,220
문의,218
상품권,217
향후,214
군,214
서울,212
데,212
한국,210
전남,209
수술,208
서초,208
광주,204
열애,204
진행,203
외환,202
악수,200
무릎,200
해피머니,200
총,198
설명,198
최종,198
손흥민,198
재판,197
주사,196
장덕,196
오른쪽,196
통증,196
본원,196
고현정,194
최대,194
청주시,192
자연,192
피,192
측은,191
관계자,191
합의,190
민주당,190
왼쪽,190
이체,188
시도,185
정치,185
이전,185
규모,184
신병,184
준비,184
광장,182
정청래,182
금,181
게임,180
익명,178
라인,178
이외,178
혜,178
혜제,178
추가경정예산,178
처리,178
마포구,178
구독료,178
출석,176
예정,176
현장,176
재혼,176
위반,175
이명현,174
돈,174
사태,174
결정,173
비판,173
피니언,172
취소,172
보호책임,172
도입,172
창간,172
운영,170
가구,170
원,170
본부,170
차례,170
취재,170
경우,169
손,167
앞,166
기각,166
납품,166
반복,166
대통령,166
가격,166
공개,164
김봉규,164
전북,164
투자,164
서교동,164
영향,164
진주,164
정착,164
조윤희,164
선거,164
층,163
용,162
여러,162
마련,161
무심천,160
쓰기,160
시사,160
물,160
효과,158
사진,158
종합,158
등장,158
개인,157
결제,156
구조,156
발전,156
식별,156
국제,156
교통,156
김용현,155
이적,154
목적,154
러닝,154
계좌,154
산국,152
자리,152
이용식,152
울산,152
수교,152
분석,152
점,152
선고,150
업체,150
트럼프,150
거래,149
성장,148
양화로,148
지주회사,148
경북,148
홈,148
직,148
직접,146
특별검사,146
사망,146
직후,146
콘텐츠,146
여제,144
코르,144
응원,144
티나,144
밀라노,144
피겨,144
김연아,144
감축,142
박,142
물놀이,142
판결,142
의도,141
중심,139
공습,139
그룹,138
단지,138
이동건,138
심,138
화,138
전국,137
강제,137
확대,136
포인트,136
만큼,136
시작,135
대응,135
논란,134
토트넘,134
선,132
예산,132
지속,132
대비,131
미래,131
리베라토,130
우리,130
웬디,130
경남 대 수원,130
원미경,130
석,130
삭제,130
박찬대,130
김천상무 대 안양,130
빠니보틀 연애,130
rb 잘츠부르크 대 알힐랄,130
액,130
차,130
레알 마드리드 대 파추카,130
안규백,130
맨 시티 대 알아인,130
오아시스,130
이벤트,128
박정수,128
기업,128
올해,126
시청자,126
추경,126
전현무,126
하나,126
자평,126
김건희,125
정부,125
재생,124
요약,124
신문,123
이유,122
의사,122
방침,122
채,122
사의,122
속도,122
하동,122
자신,122
개,122
비상계엄,122
탄력,122
광명시,122
순찰,122
정상,121
신봉선,120
회생,120
기성용,120
온실가스,120
민생,120
서장훈,120
이용권,120
순위,120
면담,120
단체,120
서부,120
교체,120
인수,120
실시,119
전략,119
추진,118
소속,118
장려,118
구미,118
현재,118
시즌,118
현대,117
개발,117
통합,117
법원,116
과정,116
실질,116
크루,116
박찬,116
호선,115
편법,114
의심,114
행보,114
특팀,114
실적,114
본사,114
과시,114
개입,114
불,114
눈,113
포함,113
반영,112
경남,112
모든,112
장비,112
증가,112
진입,112
산업,111
재차,111
탄소,110
업데이트,110
오산,110
초,110
다리,110
공직자,109
주장,109
안전,108
렌탈,108
본회의,108
대면,108
시행,107
문,107
과학,106
프로젝트,106
딸,106
러브,106
해,106
상황,106
교육,105
인정,105
마모,104
최,104
사단,104
식단,104
자녀,104
지자체,104
건,103
단계,103
국회,102
군수,102
입,102
징역,102
공룡,102
표,102
벨로키랍토르,102
국정,102
기후변화,102
본격,101
소환,101
차량,101
첫,100
전공,100
인재,100
대금,100
촬영,100
분야,100
경제,99
경쟁,99
일부,99
률,98
공항,98
이야기,98
담합,98
제기,98
성별,98
수준,98
서거,98
이익,97
보고,97
다만,97
인상,97
건강,97
옥,96
최고,96
구,96
협력,96
차단,96
김대호,96
자동,96
지방,96
아파트,95
전망,95
김민석,94
경기도,94
해군,94
김동수,94
무공훈장,94
원칙,94
직원,94
부장,94
국방,92
주인공,92
정산,92
누구,92
유학,92
평생교육,92
요리,92
주요,92
별,92
속,91
피의자,91
단독,91
보급,90
시속,90
무임,90
디지털,90
방법,90
해당,90
출범,90
청년,90
발견,90
처음,90
오후,89
이상,89
야당,89
하반기,88
기반,88
앞서,88
개선,88
나라,88
근로,88
서울시,88
수아레스,88
스타트업,88
생활,88
소,87
공식,87
바로,87
기부,86
현대차,86
혁신,86
학생,86
임원,86
의료,86
상승,86
기존,86
오징어,86
서울특별시,86
롯데,86
장관,86
고위,85
설치,85
이번,85
생생,85
무대,84
토론,84
어스,84
티메프,84
동안,84
요청,84
권용현,84
간,84
지하,84
자료,82
조합,82
예방,82
상,82
가능성,82
번,82
가장,82
입구,82
국민,82
다음,81
힘,81
뉴스,81
포르,80
영국,80
주목,80
매출,80
광역,80
깜짝,80
진심,80
대기업,80
다가,80
태안,80
누리집,80
통제,80
구멍,80
출마,80
모집,80
경,80
순간,79
시민,79
석방,79
도시,79
김종민,79
파운드,78
실제,78
열애설,78
이용자,78
소상,78
연동제,78
공감,78
적발,78
전남편,78
모성애,78
조성,78
공인,78
노력,78
백지은,78
처벌,78
체포,78
새신랑,78
어르신,78
수단,78
외압,78
이첩,78
사업,77
재희,76
라이브,76
남북,76
재계,76
형사,76
콘서트,76
월드,76
가지,76
프로그램,76
해병대,76
뉴스타임,76
동아일보,76
기술,76
일요진단,76
지지율,76
비평,76
입건,76
판단,76
명령,76
조정은,76
위탁,76
데스크,76
사실,75
출국,75
연,75
아테,74
빙그레,74
분양,74
호,74
위메프,74
역할,74
모두,74
부담,74
당신,74
혜택,74
서울중앙지법,73
하루,73
학교,73
파괴,72
올림픽,72
연합뉴스,72
여론조사,72
마이너스,72
들통,72
장희진,72
정체,72
비중,72
품격,72
동계올림픽,72
강의,72
잘못,72
응,72
패,72
시급,72
피해,72
대회,72
애,72
효심,72
제공,72
경찰,72
에너지,71
생각,71
기획,71
구속영장,71
범죄수사,71
영장,71
의혹,70
핵심,70
참여,70
검토,70
여름철,70
역량,70
해남군,70
친,70
사례,70
작업,70
항,70
민원,70
시대,70
사업자,70
병원,69
제출,69
손상,69
건설,69
도전,69
계,68
진주시,68
분위기,68
전승,68
소비,68
구진,68
보행,68
중립,68
접기,68
수정,68
구단,68
별로,68
후보,68
입사,68
희망,68
범죄,68
조직,68
입지,68
고속도로,68
부와,68
뿔닭,68
투구,68
경기,68
싸움,68
소식,68
훈장,67
스페셜,67
증액,67
목표,67
방화,66
대책,66
검찰,66
편의점,66
운행,66
강정,66
못,66
지구,66
상태,66
통신,66
운전,66
인권위,66
하청,66
출전,66
시흥시,66
징계,66
조정,66
기,66
과장,66
재해,66
해림,66
검사,66
중대,66
팬,66
의미,66
발굴,66
슈가,65
윤시윤,65
인사,65
키움 대 한화,65
로보택시,65
제주항공,65
호르무즈해협,65
부산,65
nba,65
nato,65
박세웅,65
김성환,65
real madrid vs pachuca,65
man city vs al ain,65
카카오페이 주가,65
소향,65
이스라엘,65
가운데,65
대구시,64
국,64
직권,64
타결,64
채용,64
발급,64
교통카드,64
포착,64
끝,64
정경호,64
사무실,64
미만,64
단장,64
교수,64
온라인,64
집단,64
결혼,64
관리,64
빌딩,63
사항,63
상처,62
협의,62
유입,62
강조,62
식품,62
기소,62
몸매,62
몸,62
빅플래닛,62
상대,62
사과,62
제안,62
그동안,62
마음,62
농어,62
업,62
작품,62
여,62
미군,62
슬,62
상반기,62
랜더,62
서비스,62
달걀,62
수위,62
메이드,62
주변,61
코멘트,61
예상,61
법조,61
풀이,61
되풀이,61
여기,61
상병,61
실책,61
사유,61
거란,61
하동군,60
기후,60
시내버스,60
이동,60
조기,60
기준,60
충북,60
금융,60
밖,60
질주,60
제주,60
협약,60
심사,60
청,60
회의,60
계약,60
자,60
기본,60
농촌,60
적용,60
집,60
선수,60
의견,59
압수수색,59
달성,59
결과,59
입장,59
인터넷,59
문화,59
뉴시스,58
플래그,58
위스키,58
공략,58
새,58
변화,58
업종,58
김계환,58
수도,58
튀어,58
부정,58
귀속,58
살해,58
를,58
국세청,58
활용,58
부회장,58
키맨,58
단원,58
양양군,58
참가,58
표명,58
행,58
관광,58
삶,58
평화,58
하천,57
전쟁,57
수사,57
대통령실,57
체감,56
안성현,56
사고,56
뿌리,56
법인,56
성유리,56
게,56
필요,56
내부,56
발자국,56
취임,56
적,56
다른,56
생산,56
뜻,56
대결,56
출입,56
군포시,56
대법원,56
관련,56
청소년,56
먼저,56
언론,56
항소,56
수경,56
터널,56
로버트,56
취약,56
인기,56
사회,55
존,55
유해,54
퇴직,54
고려,54
일반,54
이사장,54
돌싱,54
순직,54
부문,54
주방,54
부결,54
기록,54
비공개,54
파견,54
박수,54
공간,54
회전교차로,54
기재부,54
수장,54
차선,54
공백,54
불패,54
허위,54
자택,54
판매,54
통행,54
발,54
노동자,54
언제,54
듯,54
이삭,54
역시,54
샌디에이고,54
다저스,54
개편,54
탐방,54
운송,54
다발,54
신화,54
제도,54
료,53
명의,53
총장,53
증거,53
연속,53
영천,52
마지막,52
정기,52
상자,52
호국보훈,52
특별,52
세종시,52
콜,52
판매업,52
대상자,52
누리,52
판지,52
골,52
경산,52
감,52
적극,52
답,52
개사,52
강원,52
지배,52
여명,52
앤,52
면적,52
피해자,52
발생,52
강화,52
중앙,52
기사,52
한전,52
작전,52
시청,52
갈등,51
활동,51
철도,51
리,50
인증,50
지명,50
정상화,50
대학병원,50
여부,50
당선,50
모바일,50
리더십,50
사퇴,50
성과,50
제한,50
인근,50
프란체스카,50
각각,50
금호,50
벤치,50
조건,50
제품,50
의협,50
인천,50
뮤지컬,50
영어,50
얼굴,50
능력,50
환경,50
재정,50
확정,50
첨단,50
거부,50
출시,50
페임,50
소송,50
향상,50
문구,48
기회,48
시설,48
뭘,48
쇠사슬,48
임금,48
눈길,48
빙과,48
매점,48
방식,48
회복,48
면서,48
실현,48
충남,48
동시,48
수난,48
긍정,48
약물,48
위험,48
정서,48
노사,48
아이스크림,48
도움,48
후보자,47
거주,47
목격,47
추가,47
통상,47
기간,47
진실,46
녹지,46
집행유예,46
원금,46
수립,46
기여,46
유치,46
내년,46
위기,46
주의,46
상사,46
과거,46
오른,46
공표,46
유감,46
서훈,46
여정,46
슈퍼스타,46
길이,46
가치,46
권고,46
교육청,46
가맹,46
제시,46
협상,46
알,46
주민,45
기자회견,45
일,45
문화재,44
반환,44
금액,44
계산,44
좀,44
열차,44
나머지,44
사람,44
전환,44
시장,44
촉진,44
재림,44
작년,44
거절,44
독수,44
조선,44
회장,44
공,44
조치,44
평생,44
유죄,44
양,44
축,44
평균,44
정지,44
본관,44
현관,44
니,44
응시,44
진흙,44
과학계,44
증대,44
육성,44
수요,44
이제,44
아이,43
경찰청,43
배,43
세계,43
선언문,42
온,42
볼,42
지적,42
위치,42
체계,42
동아오츠카,42
나눔,42
채택,42
동참,42
멤버,42
홍반장,42
치킨,42
국방부,42
앱,42
헤이그,42
원심,42
행위,42
비용,42
개장,42
오늘,42
예약,42
평등,42
해병,42
메이트,42
일가,42
기생충,42
추정,42
중인,42
호응,42
보석,42
대자연,42
활짝,42
노동,42
전체,42
계획,42
영화,42
시기,42
지원,42
연구소,42
팩트,42
출발,42
자원봉사,42
초기,42
총수,42
훈련,41
위원,41
참석,41
내란,41
대화,41
업무,40
벌금,40
김기동,40
땅,40
해남,40
예전,40
반대,40
프로,40
달리,40
방문,40
전용,40
체제,40
수가,40
법정,40
자금,40
화환,40
지난달,40
직업,40
선호,40
스파크,40
대상,40
농가,40
뇌물수수,40
학력,40
연령,40
노인,40
노동부,40
선도,40
경전,40
막사,40
회사,40
지지도,40
도약,40
챔피언,40
화력발전소,40
세종,40
김충현,40
매년,40
홈페이지,40
발송,39
지하철,39
장면,39
대학,39
사건,39
총리,39
특파원,38
구성,38
행사,38
보기,38
머리,38
행정처분,38
환승,38
이기찬,38
가동,38
정보기술,38
미모,38
커플,38
의무,38
사전,38
선임,38
상생,38
제조업,38
해결,38
달리기,38
구축,38
월간,38
대중교통,38
가까이,38
식료품,38
창업,38
국가,38
리포트,38
크랩,38
미전,38
경선,38
부과,38
남녀,38
전날,38
트렌드,38
조사,38
상징,37
연설,37
고교,37
할인,37
주력,36
연락,36
일대,36
이영관,36
코인,36
자치,36
상위,36
설계,36
제과,36
전자,36
지지,36
푸드,36
서로,36
조국,36
합리,36
공무원,36
체결,36
상대로,36
아시아,36
리서치,36
재고,36
삭감,36
도류,36
귀환,36
발표,36
빛,36
유보,36
산세,36
당국,36
시비,36
기아,36
차등,36
폭행,36
지시,36
각,36
과실치사,36
비율,36
계층,36
위해,36
국힘,36
건물,36
크게,35
오,35
잡고,35
위원회,35
청문회,35
만기,35
전기차,35
부,35
배상,35
확인,34
자유,34
자원,34
복지,34
골프장,34
성기훈,34
엑스,34
소리,34
전문가,34
플레이,34
관심,34
전반,34
긴급,34
통용,34
마무리,34
당일,34
정찰,34
연구,34
성폭력,34
협박,34
기자,34
로부터,34
자격증,34
금품,34
레비,34
심의,34
하사,34
시리즈,34
유력,34
김진하,34
피고인,34
열사,34
수치,34
대의,34
넷플릭스,34
공적,34
책임,34
리버풀,34
안정,34
흥행,34
스타,34
경영,34
정현석,34
패키지,34
가격표,34
기관,34
사무,33
부활,33
남부,33
도널드,33
금리,33
통,33
문제,33
국내,33
보도,32
투표,32
바다,32
지표,32
발달,32
연간,32
임단협,32
법률,32
변,32
패각,32
극적,32
불발,32
파워,32
생리,32
댈러스,32
또한,32
위성사진,32
테크놀로지,32
접수,32
호우,32
공짜,32
선택,32
불균형,32
위험수위,32
드라마,32
현수막,32
여론조작,32
세훈,32
가수,32
무효,32
전투복,32
진원,32
라야,32
나선,32
합동,32
농,32
전담,32
별도,32
눈물,32
어깨,32
나혼산,32
우라늄,32
신지,32
컨트롤,32
인력,32
농어촌,32
폭풍,32
굴,32
문원,32
코요태,32
퇴장,32
사무국,32
벌이,32
청남교,32
도달,32
구간,32
입금,32
코드명,32
조례,32
화재,31
마이크,31
정권,31
세대,31
사령관,31
여야,31
개그우먼,30
계열,30
월,30
기도,30
발언,30
최초,30
선출,30
거나,30
의자,30
수도권,30
허진무,30
분노,30
개월,30
자기,30
구매,30
교육활동,30
책,30
콜라보,30
메리,30
거리,30
남자,30
가족,30
공정위,30
최인,30
초보,30
잔액,30
특징,30
확충,30
조작,30
내달,30
완전,30
사인,30
사진기,30
환불,30
리기,30
예비,30
최우수,30
자단,30
누,30
근거,30
다시,30
움,30
리테일,30
뭐,29
기구,29
역,29
타격,29
지역,29
공동,29
평,29
외무부,29
공장,29
카운티,28
커뮤니티,28
금은,28
마치,28
활성화,28
당부,28
산,28
관계,28
매디슨,28
물초,28
정말,28
맞벌이,28
생태,28
송치,28
글,28
현금,28
안개,28
재배,28
농사,28
현지,28
부합,28
영원,28
조선일보,28
영,28
농축,28
달라,28
고속,28
공연,28
한편,28
가을,28
동료,28
바닥,28
박스,28
숙지,28
진양호,28
끼,28
대박,28
보이지,28
역대,28
양제,28
남아,28
해수부,28
근로장려금,28
안내,28
반기,28
투어,28
포,28
윤나,28
분수,28
김재,28
수입,27
본인,27
토론회,27
충격,27
결론,27
고등학교,26
구미시,26
공사,26
청주,26
멋쩍,26
발주,26
국립,26
복합,26
핑크,26
보유,26
공직선거법,26
태안군,26
비정규직,26
정비,26
재료,26
개정,26
성주,26
추연,26
김천,26
상담,26
쿠폰,26
연구원,26
제국,26
정의,26
이성희,26
수강,26
공모,26
고령,26
일방,26
승자,26
대리인,26
결말,26
출하,26
분,26
주기,26
신고,26
맞이,26
대기,26
최소,26
대수,26
대로,26
단축,26
일본,26
타이밍,26
카메라,26
뺨,26
유형,26
매달,26
나와라,26
원장,26
취업,26
도시철도,26
초혼,26
싱글,26
원지,26
유도,26
극우,26
탄핵,26
기고,26
유대인,26
수탁,26
교육비,26
교재,26
역주행,26
설문,26
관광명소,26
기계,26
자율학습,26
자율,26
니토덴코,26
야간,26
품질,26
변동,26
점검,26
칠곡,26
청도,26
편,26
만족도,26
이어진,26
일자리,26
피하,26
평택,26
유지,26
바이오,26
요즘,26
일정,26
보건,26
실용,26
고인,26
박민규,26
증차,26
배차,26
제정,25
의제,25
나무,25
휴가,25
반응,25
어디,25
성적,24
대출,24
질문,24
백종원,24
설문조사,24
변경,24
안착,24
우수,24
철거,24
천안,24
크루즈,24
구가,24
단기,24
공격,24
인물,24
티빙,24
오스카,24
파급,24
위턱,24
치석,24
둘레,24
인류,24
예산군,24
지층,24
어른,24
데니소바인,24
축구,24
정보,24
음악,24
추출,24
북,24
정당,24
윤지,24
신뢰,24
기초,24
헌신,24
실무,24
즉시,24
플레이어,24
이정재,24
손가락,24
항의,24
용품,24
비교,24
연장,24
잠재력,24
포워드,24
지질,24
자동차,24
시상식,24
터,24
그대로,24
엔터테인먼트,24
형량,24
김정화,24
업계,24
행동,24
감사,24
프런트맨,24
덩이,24
리그,24
농업인,24
실증,24
스마트,24
항소심,24
해태제과,24
세로,24
계해,24
건의,24
아티스트,24
웃기,24
상호,24
기대,24
확산,24
스파,24
집계,24
이해,24
상계,24
법적,24
원고,24
노년,24
소속사,24
나흘,24
그냥,24
걸,24
서대문,24
강지은,24
열,24
확,24
흙,24
나탄,24
고개,24
반란,24
시간,23
독일,23
격차,23
자체,23
축제,23
분담,23
이슈,23
날씨,23
간호장교,23
여군,23
자매,23
검색,23
일보,23
이내,22
아프리카,22
묘사,22
학계,22
은성,22
구분,22
이정호,22
산업부,22
계산법,22
묘,22
홀로,22
음식,22
고가,22
춘천,22
특례법,22
주도,22
주신,22
뇌물,22
경력,22
정거,22
자생,22
책임자,22
수여,22
셈,22
참모총장,22
사가,22
전달,22
우주,22
후회,22
지법,22
글로벌,22
경위,22
로지,22
계속,22
노래,22
둔황,22
북한,22
민주주의,22
세력,22
모색,22
금성,22
준군,22
곽희,22
신시내티,22
투수,22
소령,22
화랑,22
중사,22
장병,22
전사,22
부서,22
김갑순,22
종료,22
경고,22
균형,22
감안,22
전혀,22
편성,22
만료,22
종,22
자회사,22
형태,22
벤처기업,22
지능,22
인공,22
전력,22
하락,22
가능,22
건수,22
바이,22
강제추행,22
안마,22
곧,22
백악기,22
레터,22
둘,22
세부,22
상당,22
간접,22
오토바이,22
신규,22
미지,22
오타,22
운동,22
진료,21
초대권,21
검,21
보고서,21
십년,21
외국인,21
해상,21
특수부대,21
조속,21
왕릉,21
놈,21
옥중,21
김도희,21
폭격,21
살인,21
북대서양,21
정상회담,21
뤼터,21
국무,21
오해,21
마르크,21
청라,21
랩,21
담배,21
루비,21
음서,21
하남,21
사위,21
이경규,21
국내총생산,21
술,21
퇴역,21
알림,21
독자,21
주차장,21
가성,21
다음주,21
관할,21
미수,21
졸렬,21
로스쿨,21
미팅,21
행태,21
인멸,21
전차,21
하라,21
단속,21
모,21
재건,21
위성락,21
골프,21
회원,21
땐,21
도지사,21
냉전,21
트롯,21
최태원,21
걱정,21
동맹,21
미스터,21
네덜란드,21
황당,21
상희,21
홀,21
이민,21
타운,21
박자,21
사법시험,21
정신과,21
저녁,20
집중,20
위법,20
혼성,20
여름,20
현,20
전면,20
김혜민,20
동굴,20
쌀,20
탈,20
인프라,20
죄,20
집행,20
콩,20
가축,20
출자,20
소유,20
추경안,20
절반,20
매,20
왜곡,20
누적,20
중점,20
비상,20
서영,20
임성근,20
현직,20
트럭,20
환,20
쿤스,20
전염병,20
벤처캐피털,20
비롯,20
휴대전화,20
면접,20
대선,20
사기,20
김태욱,20
커피,20
코드쿤스트,20
산다,20
코드,20
레전드,20
미비,20
의존,20
외,20
혼자,20
접근성,20
강제집행,20
품목,20
늘,20
거취,20
면,20
톤,20
바탕,20
디자인,20
박상영,20
편입,20
화폐,20
프랭크,20
촉구,20
이름,20
포항,20
클럽,20
박태하,20
하우스,20
규정,20
박승원,20
매력,20
가상,20
대북,19
상급,19
탓,19
무안,19
임기,19
디아,18
랄랄,18
컴,18
준,18
조금,18
주연,18
보험,18
웃음,18
제일,18
재산,18
인연,18
역사,18
김은경,18
래서,18
김성일,18
데뷔전,18
권성동,18
개소,18
중단,18
남편,18
페이스북,18
주체,18
농림,18
소설,18
오산시,18
자세,18
도정,18
청사진,18
지사,18
경로,18
최대한,18
부지,18
순환,18
게스트하우스,18
항공,18
일관,18
블랙,18
오산역,18
맨,18
화성,18
실내,18
철회,18
이산,18
선진,18
과제,18
벌음,18
연습장,18
권제,18
재개발,18
좌석,18
방이,18
공공기관,18
경부,18
구름,18
심리,18
현실,18
빨대,18
왜,18
살,18
전장,18
장마,18
위협,18
시계,18
김,18
주얼리,18
하이엔드,18
대피,18
개시,18
권,18
돌,18
동력,18
시선,18
이하,18
도보,18
지상,18
스크린골프,18
가감,18
재봉,18
오산천,18
운명,18
구체,18
김지호,18
향남,18
처방,18
블록,18
출연료,18
어린이집,18
민간,18
병행,18
언급,18
도비,18
지류,18
페이,18
제로,18
융,18
침체,18
녹색,18
국가인권위,18
김영록,18
팔,18
퀴즈,18
복귀,18
자산,18
유,18
형,18
존재,18
아래,18
옥상,18
주심,18
트,18
상한,18
정황,18
유니세프,18
출연,18
판,18
예측,18
룸,18
마주,18
피트니스,18
탄약고,18
민선,18
초등학교,18
부동산,18
독서실,18
의문,18
서서히,18
이자,18
무죄,18
근황,18
청탁,18
꼽,18
활약,18
정책,18
인권,17
씨앗,17
이재호,17
등록,17
봄,17
네타냐후,17
문명,17
일본인,17
임박,17
유급,17
저지,17
한동훈,17
생,17
무화과,17
약탈,17
종교,17
세비,17
오히려,17
퀴어,17
움직임,17
핵무기,17
은행,17
안보,17
의대,17
삼진,16
상여금,16
치치,16
혁,16
예명,16
국적,16
캐릭터,16
철수,16
신인,16
겸,16
당첨,16
회수,16
황동,16
정도,16
복구,16
젤,16
차림,16
불친절,16
쟁점,16
정년,16
산업화,16
빽가,16
루카,16
류동혁,16
듀크,16
르브론,16
전과자,16
수모,16
각본,16
미련,16
파손,16
최혜승,16
색,16
혼절,16
본명,16
정장,16
아웃,16
부기,16
영농,16
정적,16
작업장,16
얼씨구,16
어이,16
긴축,16
언행,16
찍,16
고집,16
건가,16
축산물,16
일원,16
물속,16
상당구,16
거점,16
설립,16
가드,16
극한,16
명절,16
광화문,16
푼돈,16
동아,16
꼴,16
친환경,16
경쟁력,16
보편,16
소외,16
막,16
고구마,16
홍제천,16
급류,16
작동,16
서원구,16
불편,16
위로,16
발걸음,16
영암,16
감정,16
갈라,16
키스,16
죄송,16
족,16
안태민,16
시범,16
변씨,16
사이버,16
빗,16
탈피,16
산책로,16
유통,16
삼산면,16
논의,16
선물,16
유명,16
배경화면,16
강호동,16
인생,16
저작권,16
농구,16
수비,16
연쇄살인범,16
곳곳,16
김나연,16
경찰서,16
조물,16
렌스,16
로이터,16
콘크리트,16
진도희,16
통한,16
모충동,16
해제,16
서동,16
흥덕구,16
박진규,16
에이스,16
이지선,16
폐간,16
냉대,16
위장,16
치면,16
무리,16
민폐,16
한강,16
찰,16
외교,16
대명,16
끼리,16
자살,16
그대,16
연기,16
서도,16
언론플레이,16
가까스로,16
방수,16
불어,16
카페,16
혈세,16
중학생,16
잆는데,16
인지도,16
무조건,16
개딸,16
무책임,16
집중호우,16
장치,16
영희,16
가마니,16
양념,16
살맛,16
징징,16
환영,16
문자,16
목소리,16
원평동,16
동해,16
투하,16
위성,16
마다,16
젖소,16
이병헌,16
생방송,16
배경,16
신랑,16
팅,16
로또,16
무시,16
사이,16
표정,16
퍼레이드,16
노,16
엄마,16
하원,16
연하,16
굿네이버스,16
연예인,16
김민정,16
최정원,16
친구,16
현수,16
승무원,16
휴대폰,16
대립,16
여전,16
예고편,16
노조,16
버스,16
질,16
하늘,14
오라,14
인구,14
메,14
아쉬움,14
교권,14
소화,14
새미,14
선착순,14
축하,14
단행,14
파리,14
무엇,14
완화,14
양육,14
무게,14
내내,14
물어,14
은근,14
서서,14
이강인,14
나래,14
유의사항,14
이적설,14
슈퍼컵,14
멀리,14
화요일,14
반드시,14
도로,14
우선,14
대신,14
무언가,14
용적,14
준수,14
용인,14
테마,14
도래,14
부임,14
조화,14
학생인권,14
부응,14
깊이,14
가람,14
짐,14
수업,14
쉬,14
도민,14
신장,14
수용,14
평거,14
차질,14
도감,14
당황,14
입도,14
성원,14
여러분,14
초전,14
간부,14
공학,14
박사,14
여성가족부,14
도시재생,14
열기,14
경쟁률,14
작성,14
컨설턴트,14
양성평등,14
살이,14
지평,14
낯선,14
정성,14
원주민,14
좌충우돌,14
촘촘,14
농교육,14
웬만큼,14
해체,14
농경,14
한몫,14
안정감,14
농부,14
물색,14
휴장,14
좌꿈초롱,14
청소,14
진주시청,14
휘발유,14
자진,14
공유,14
부실,14
구이저우,14
더위,14
맑음,14
장기기증,14
멸,14
장맛비,14
상단,14
북마크,14
참변,14
젠,14
마약,14
백발,14
입대,14
구글,14
정리,14
누빈,14
악몽,14
휴전,14
선관위,14
논설,14
진급,14
신청,14
동생,14
행정,14
고용,14
외부,14
담대,14
신용,14
댓글,14
구독,14
필승,14
이서,14
수익금,14
과로,14
우편,14
배추,14
협조,14
일괄,14
통지서,14
연도,14
홑,14
대별,14
등기우편,14
양보,14
출입구,14
신분증,14
재직,14
광역권,14
포용,14
염,14
실효,14
무료,14
내외,14
종교인,14
환급금,14
국세,14
우체국,14
개념,14
성인,14
강사,14
인섭,14
감수성,14
계기,14
인원,14
친소,14
선거운동,14
얼마나,14
주의자,14
예시,14
하은,14
건축,14
대답,14
전당대회,14
잡지,14
존경,14
격려,14
어린이,14
물빛,14
무더위,14
중요시,14
셋,14
일반의약품,14
혼란,14
보통,14
토마스,14
유럽,13
방위,13
파시즘,13
덕분,13
이화여대,13
몸뚱이,13
영화제,13
누가,13
센터,13
기지,13
졸업,12
소프트웨어,12
출발점,12
단순,12
탕감,12
참조,12
육박,12
수출,12
성공,12
분산,12
풍력,12
친목,12
스코어,12
업자,12
코로나,12
특사,12
진보당,12
엠브레인,12
자의,12
신중,12
직무,12
탯,12
중도,12
전화,12
동일,12
채무,12
당,12
개혁,12
도도,12
흐름,12
신도비,12
카카오,12
자긍심,12
문학관,12
류지,12
취합된,12
순차,12
빅데이터,12
서원,12
박물관,12
산림,12
안터,12
기형도,12
채널,12
농수산,12
마이스터고,12
용건,12
생업,12
개통,12
만족,12
추세,12
쇼핑,12
주거,12
매칭,12
탈바꿈,12
연결,12
초점,12
양성,12
실천,12
인턴십,12
이원익,12
특구,12
밤일,12
은하수,12
안양천,12
추첨,12
보지,12
한층,12
스피돔,12
명소,12
증정,12
광명역,12
중순,12
도덕,12
더욱,12
전남지사,12
여수,12
박아론,12
찬성,12
수준별,12
자영,12
지표조사,12
국무총리,12
실태,12
최선,12
제조,12
불공정,12
에어컨,12
수시,12
벌점,12
중소,12
공과금,12
한도,12
단가,12
함,12
급등,12
신용카드,12
병령,12
과태료,12
걸이,12
벽,12
모니터링,12
물품,12
약정,12
천만원,12
삼성,12
서면,12
국장,12
하양,12
조경,12
선반,12
김씨,12
고용노동부,12
공작물,12
냉방,12
사관,12
공작기계,12
옷,12
스마트폰,12
인체,12
유족,12
규명,12
전자기기,12
끼임,12
파악,12
공단,12
공업,12
화공,12
삼립,12
진상,12
원북면,12
동권,12
효율,12
압수,12
지청,12
호기,12
윤활유,12
부품,12
용기,12
이기,12
선언,12
퍼블릭,12
대전,12
객,12
시스템,12
전경,12
인접,12
도모,12
약자,12
호출,12
공주,12
배치,12
대당,12
최민호,12
편의,12
마진,12
과징금,12
해태,12
허가,12
계엄,12
점포,12
고발,12
콜센터,12
합병,12
콘류,12
일종,12
빅,12
침탈,12
무인,12
규제,12
공정,12
의뢰,12
기동대,12
시화,12
시내,12
독점,12
시장점유율,12
거래처,12
드류,12
지방법원,12
권익,12
보되,12
율도,12
영업,12
보강,12
자고,12
엄철,12
전속계약,12
보호,12
래퍼,12
쇼미더머니,12
안과,12
시야,12
준우승,12
전액,12
한번,12
프랑스,12
폭발,12
승소,12
이정,12
추후,12
흐릿,12
민사,12
심야시간,12
높이,12
차령,12
연관,12
데이터,12
영향력,12
공헌,12
미술,12
인간,12
양질,12
엔지니어링,12
후방,12
그래픽,12
주주,12
서초구,12
제외,12
처럼,12
김영재,12
공기업,12
설,12
제철,12
뭐길,12
대위,12
모비스,12
개별,12
양재동,12
다수,12
시스,12
동반성,12
연동,12
독,12
에프,12
기일,12
원가,12
줄줄이,12
용지역,12
어학,12
취,12
고문,12
농협카드,12
인문,12
계발,12
취지,12
전문학교,12
벼랑,12
글로비스,12
재작년,12
테이블,12
톱,12
제임스,12
트랜,12
흑자,12
중형,12
확장,12
사교,12
전라,12
풍경,12
구름산,12
오리,12
전통,12
욕,12
교육학,12
남해안,12
모임,12
서든,12
지정,12
신뢰수준,12
취득,12
라면,12
교양,12
강좌,12
인선,12
코리아,12
제헌절,12
케이스,12
편이,12
오차,12
충,12
표본,12
지역별,12
위락,12
허준석,12
표시,12
거,12
지세,12
신당,12
선별,12
이득,12
수수,10
쓰레기,10
오직,10
위국,10
과연,10
예,10
플랜,10
알리,10
첨부,10
이지,10
말로,10
선수단,10
쪽,10
메이저리그,10
맞혔던,10
실트,10
날인,10
워싱턴,10
라운드,10
경감,10
몰래,10
감히,10
빈볼,10
티스,10
로베르,10
누군가,10
잭,10
내셔널스,10
대남,10
신미도,10
페르난도,10
처분,10
붉힌다,10
화제,10
장애,10
파격,10
액면가,10
품,10
예견,10
격침,10
봉,10
김종호,10
김영준,10
참전용사,10
모래,10
루빈,10
엑사,10
앞뒤,10
앞바다,10
무성의,10
감개,10
전제,10
배경훈,10
대입,10
공상,10
사냥꾼,10
입자,10
위키피디아,10
소라,10
울진,10
영암군,10
부족,10
구제역,10
변명,10
비축,10
서식,10
레이저,10
수각류,10
형식,10
방역,10
양양,10
속보,10
물건,10
수산,10
중앙정부,10
현안,10
정통부,10
공정거래법,10
거미줄,10
농심,10
사내,10
천문대,10
영상,10
투자가,10
논문,10
포장도로,10
후기,10
줄,10
멸종,10
질서,10
띤,10
간격,10
소음,10
범선,10
해군본부,10
아들,10
대목,10
갈수록,10
퀸즐랜드,10
학술지,10
몸무게,10
내정자,10
육식,10
동아시아,10
시험,10
인헌,10
확성기,10
송구,10
지휘,10
보궐선거,10
성관계,10
홀딩스,10
사익편취,10
균,10
보궐,10
몰수,10
에이치,10
대가,10
금고,10
경향신문,10
반도,10
임무,10
수행,10
속초,10
대중매체,10
고안,10
소행성,10
칠면조,10
동물,10
상장,10
재원,10
지불,10
주식,10
음,10
분율,10
잔디,10
손자,10
격추,10
들판,10
구한,10
축소,10
유관,10
스스로,10
선사,10
썸,10
완성,10
네,10
기업인,10
현황,10
주로,10
밀집,10
쇼,10
고도,10
유령,10
재무,10
전자금융업,10
상상,10
발톱,10
쾅,10
강력,10
막중,10
생태계,10
악용,10
우회,10
양형,10
초지,10
박봉,10
수로,10
심문,10
관측,10
오류,10
상치,10
명과,10
고소,10
쿨,10
이튿날,10
잠시,10
시위,10
간판,10
프로축구,10
공급,10
출국금지,10
위계공무집행방해죄,10
캐시,10
제대로,10
주식회사,10
혁명,10
감시,10
주시,10
제목,10
선뜻,10
부대,10
해피,10
류,10
대적,10
최병호,10
철근,10
각종,10
모금,10
이해해,10
프랜차이즈,10
보답,10
축구선수,10
카드,10
단돈,10
흥미,10
숯불,10
귀,10
주하,10
부쩍,10
호기심,10
염탐,10
엔씨,10
은닉,10
권장,10
교전,10
척,10
부안군,10
무량,10
원래,10
담당,10
신세계,10
부디,10
신분,10
군인,10
희생,10
다해,10
후손,10
결별,10
시골,10
금감원,10
급,10
경험,10
연습,10
여왕,10
원작,10
적군,10
구월산,10
훈격,10
위도,10
불법,10
눈높이,10
무성,10
계룡시,10
중지,10
려고,10
가입,10
자손,10
신선,10
검거,10
승선,10
포대,10
입원,10
미정,10
새벽,10
이상인,10
총선,10
취한,10
미상,10
세분,10
훈란,10
상륙작전,10
복무,10
함정,10
신속,10
태극,10
계룡대,10
승조,10
파드리스,10
쇼헤이,10
서초동,10
심판,10
데이브,10
판하,10
청취,10
정치자금,10
김재곤,10
기류,10
제지,10
휴식일,10
리틀,10
호주,10
베,10
신체,10
선친,10
선우일,10
김동근,10
합참,10
양용모,10
덩치,10
조류,10
이족,10
대공,10
가늠,10
전투기,10
미사일,10
종전,10
로버츠,10
마일,10
고의,10
취하,10
불응,10
박정훈,10
상관,10
군법무관,10
차정현,10
주니어,10
레즈,10
휘선,10
기안,10
약칭,10
예능,10
초동,10
샘,10
대령,10
절차,10
축산,10
신안,10
을지,10
공비,10
여사,10
아산병원,10
주거지,10
배송,10
금융감독원,10
보증,10
순의,10
권달,10
노획,10
황해도,10
보탰다,10
대대,10
인사사령부,10
전황,10
조우,10
등급,10
충무,10
사살,10
육군,10
김상태,10
반성,10
박탈,10
군정,10
만남,10
우리나라,10
상임,10
양식,10
웃음소리,10
구조도,10
투입,10
지원이,10
농협,10
해양,10
법령,10
중국산,10
협업,10
캡틴,10
자립,10
국산,10
이의,10
사구,10
론,10
스틸러스,10
서민,10
구리,10
기동,10
특급,10
추징,10
이수,10
군민,10
실망,10
구속기소,10
전량,10
도마,10
지방정부,10
내면,10
합류,10
노트,10
억지로,10
호소,10
이태훈,10
총괄,10
김종헌,10
더미,10
밀고,10
미소,10
결성,10
밤,10
엠티,10
슬금슬금,10
그녀,10
동심,10
숯,10
금요일,10
바비큐,10
선천,10
쫑긋,10
박나래,10
지난주,10
의약외품,9
언니,9
추방,9
추론,9
더존,9
모델,9
도쿄,9
미나,9
행락,9
법의학,9
번호,9
김정은,9
원내,9
전문,9
올리브영,9
전주,9
집값,9
통일교,9
김현,9
동상,9
한국인,9
동네,9
공직,9
던지기,9
스벅,9
전재수,9
철,9
입점,9
고차,9
뉴진스,9
스프링클러,9
이삿짐,9
주택가,9
종로,9
용지,9
자주,9
회동,9
미스터리,9
소개,9
도구,9
지도,9
혐오,9
김정철,9
자주포,9
수조,9
티어,9
커넥트,9
동원,9
주춤,9
소록도,9
구금,9
수능,9
제네바,9
소방,9
아수라,9
입찰,9
마중,9
한센,9
워드,9
모호,9
종합병원,9
오찬,9
혹,8
에이펙,8
베냐민,8
점령,8
빈,8
법무,8
불허,8
령,8
서문,8
의식,8
분출,8
불충,8
권영준,8
쌍방,8
북쪽,8
해도,8
포로수용소,8
지점,8
소장,8
로런스,8
모양,8
레버,8
제작,8
직속,8
동기,8
안팎,8
치유,8
창구,8
지역화폐,8
미디어,8
하향,8
황희민,8
진학,8
전기,8
바리스타,8
컨설팅,8
사장,8
교복,8
하나로,8
창작,8
신도시,8
국제통화기금,8
농산물,8
수산업,8
고도화,8
입학,8
완료,8
환경부,8
값,8
각국,8
타워,8
용수,8
테스트,8
꿈,8
매너,8
산책,8
방교,8
차기,8
무기,8
움푹,8
자국,8
부분,8
선거인,8
데이비드,8
잠실,8
다도,8
주호,8
시니어,8
재앙,8
적성,8
망신,8
다운,8
런비,8
자전거,8
이미지,8
광봉,8
마개,8
상고,8
단아,8
착용,8
일링,8
헤어스타일,8
골퍼,8
크림,8
현상,8
고스,8
도열,8
추어,8
수명,8
선봉,8
급속도,8
서씨,8
노화,8
도심,8
시각,8
고령화,8
픽,8
경색,8
장내,8
양옆,8
도중,8
호명,8
복잡,8
예배당,8
폭력,8
브,8
분화구,8
부가,8
싱크탱크,8
단기간,8
마이아,8
환기,8
염민,8
여지,8
중공군,8
북서쪽,8
뉴스레터,8
버는,8
구호,8
은색,8
동선,8
변신,8
의학,8
양말,8
발목,8
견주,8
일렬,8
잠,8
나중,8
침묵,8
비서,8
제스,8
의석,8
의원님,8
뒤집혔다,8
번복,8
전북도,8
비난가능성,8
과오,8
자백,8
몸싸움,8
불복,8
대법관,8
불충분,8
표현,8
증언,8
답변,8
다툼,8
준용,8
술자리,8
지목,8
중간,8
요정,8
맹,8
동의,8
전형,8
아카데미,8
좀비,8
의전,8
피케,8
소멸,8
소매,8
포즈,8
버튼,8
크랜필드,8
물의,8
요소,8
형광,8
동호회,8
흰색,8
판자,8
박수갈채,8
남색,8
대통령비서실장,8
평균수명,8
조끼,8
해석,8
나뭇가지,8
송파,8
박성원,8
송파구,8
친분,8
바깥쪽,8
말미,8
경계,8
고성은,8
구현,8
멍,8
후광,8
자로,8
봉준호,8
겁,8
뉴,8
티격태격,8
각자,8
무표정,8
괸,8
안부,8
수상,8
틴,8
서사,8
일화,8
영주,8
느낌,8
다소,8
대중,8
너머,8
소탈,8
하트,8
면모,8
고등학생,8
장물,8
신예,8
관객,8
어딘가,8
지수,8
엣지,8
세상,8
게다가,8
트레이드,8
바클리스,8
재능,8
똑,8
이봉준,8
이변,8
해나,8
공수,8
하퍼,8
웸,8
크리,8
란,8
학생회장,8
소신,8
권모술수,8
대란,8
대체,8
첫걸음,8
자멸,8
카라,8
장식,8
퍼프,8
이제야,8
공부,8
색깔,8
상의,8
토피아,8
멀티,8
마케팅,8
버드,8
드래프트,8
오영일,8
통틀어,8
꽃,8
탄창,8
리즌,8
앤서니,8
괴물,8
설키,8
딜론,8
데이비스,8
샌안토니오,8
철학,8
약간,8
레너드,8
비난,8
야마,8
커스,8
입성,8
핸들링,8
카와이,8
기량,8
마인드,8
각본가,8
뉴욕,8
박성훈,8
스몰,8
루키,8
뉴욕주,8
피날레,8
언어,8
통과,8
조유리,8
명기,8
남우,8
박규영,8
이진욱,8
에미,8
숨기,8
강하늘,8
가치관,8
준희,8
세종로,8
권위,8
반바지,8
관전,8
민주,8
솔로,8
주제,8
부상,8
미래세,8
에너지부,8
거듭,8
임신,8
몰살,8
예고,8
평이,8
레이,8
황,8
작,8
에피소드,8
의결,8
량,8
경제권,8
업그레이드,8
협정,8
공약,8
매몰,8
위원장,8
아침,8
체,8
배출량,8
외상,8
통지,8
은마,8
더니,8
강국,8
성폭행,8
기온,8
내야,8
줄넘기,8
정작,8
대학입시,8
중구,8
노출,8
부작,8
대호,8
노을,8
무궁화,8
마음껏,8
마루,8
심정지,8
한수빈,8
온도,8
홍보,8
집약,8
결집,8
벨트,8
여당,8
국책,8
서쪽,8
환호성,8
농장,8
상가,8
임대,8
베드,8
색인,8
조성도,8
벼,8
권혁,8
정면,8
단상,8
나경원,8
선서,8
강훈,8
임명,8
넥타이,8
강력범죄,8
여건,8
체육복,8
브리핑,8
반면,8
만이,8
신입생,8
통로,8
수수료,8
팬티,8
원대,8
아우라,8
음표,8
이어링,8
원조,8
이모지,8
원심분리기,8
해소,8
계정,8
추신수,8
비행기,8
패턴,8
쌍둥이,8
장의,8
연출,8
출신,8
발산,8
원피스,8
수령,8
항공사,8
클래식,8
묶음,8
임블리,8
예수,8
라이트,8
중부,8
관통,8
함몰,8
군종,8
참전,8
가닥,6
경질,6
섣불리,6
변수,6
뉴캐슬,6
초월,6
월드컵,6
옵션,6
풋볼,6
월드컵경기,6
리제,6
화단,6
선제,6
동반,6
연맹,6
중미,6
전무후무,6
김활,6
서해안,6
사국,6
코리안,6
무안국제공항,6
복수,6
선전,6
립,6
위약금,6
물리,6
택했,6
주최,6
우승팀,6
특,6
최다인,6
압도,6
태양광,6
도청,6
성처,6
임플란트,6
착수,6
더비,6
치과,6
전라선,6
유엔,6
아스날,6
우디네세,6
사이더,6
분권,6
상원,6
출산율,6
솔,6
총회,6
획기,6
증명,6
메카,6
격돌,6
럼리,6
올여름,6
무산,6
홋스퍼,6
경기장,6
휘,6
스테코,6
생제르맹,6
택한다,6
태도,6
명시,6
현금화,6
장기,6
hormuz,5
목비,5
일본 지진,5
유벤투스,5
wti,5
pacers,5
카를로스 알카라스,5
김가영,5
다닐 메드베데프,5
제주도,5
bitcoin,5
최진혁,5
장한나,5
김석환,5
프로야구순위,5
부산 고교생 3 명 사망,5
토니상,4
극복,4
그림책,4
밤잠,4
진,4
베스트셀러,4
욕심,4
호평,4
연륜,4
파동,4
김태형,4
사진가,4
포토,4
행운,4
싹,4
덧,4
굳은살,4
그게,4
감당,4
기사도,4
뉴욕타임스,4
약속,4
린,4
연극,4
데뷔,4
식사,4
꼽았다,4
극장,4
농도,4
주말,4
우드,4
차지연,4
거의,4
온몸,4
빗줄기,4
널,4
코너,4
나이,4
음악상,4
고백,4
끝내,4
레미제라블,4
오존,2
lpga,2
네이버 주가,2
송영길,2
манчестер сити – аль-айн,2
man city đấu với al ain,2
필리스 대 메츠,2
임진왜란,2
현대자동차 채용,2
대진대,2
rb salzburg vs al-hilal,2
sk이터닉스,2
real madrid đấu với pachuca,2
듀란트,2
로또 1177 회,2
реал мадрид – пачука,2
have i been pwned,2
티웨이항공,2
금융투자협회,2
임지연,2
두산에너빌리티 주가,2
나스닥 선물,2
jpl,2
이정후,2
내용,2
임우일,2
이재욱,2
정수라,2
폴리마켓,2
바이낸스,2
덱스,2
오선우,2
김유연,2
알칸타라,2
추영우,2
박병호,2
김태연,2
혐의,2
김혜성,2
스리랑카,2
whatsapp,2
fc서울,1
신세계면세점,1
황령터널 화재,1
올스타,1
오타니 쇼헤이,1
삼양그룹,1
juventus vs wydad ac,1
경주,1
샤브올데이,1
investing,1
club world cup,1
북한 미사일,1
4.5일제,1
nh투자증권,1
kevin durant,1
로보티즈,1
เรอัลมาดริด พบ ปาชูกา,1
btc,1
라부부,1
골드컵,1
비트코인 가격,1
태국,1
고윤정,1
이도현,1
송지효,1
스포티파이,1
이다,1
bybit,1
조현아,1
k리그1 순위,1
정해영,1
오징어게임,1
최형우,1
tvn,1
사용,0
시,0
크기,0
설정,0
글자,0
대표,0
개인정보,0
이용,0
대해,0
달,0
중이,0
방지,0
금지,0
게시,0
검색어,0
수집,0
교,0
스팸성,0
요구,0
기능,0
두,0
키,0
시안,0
길,0
프레,0
만,-24
향,-156
강,-188
응답,-261
대한민국,-303
우려,-329
남성,-337
여성,-373
맞춤,-398
